{
  "tests/run_tests.py": 1775838354.753352,
  "src/Math/trig.py": 1775042794.7719295,
  "src/Math/SUVATprogram.py": 1775838250.3902209,
  "src/Math/deriveProgram.py": 1775770225.914072,
  "src/Math/algebra.py": 1775075018.0296717,
  "src/Math/derive.py": 1775042791.5751033,
  "src/Math/algebraProgram.py": 1775837334.936797,
  "src/Math/intProgram.py": 1775838250.3892124,
  "src/Math/trig_test_suite.py": 1775831268.7235565,
  "src/Math/trigProgram.py": 1775838250.387955,
  "src/Math/int.py": 1775042782.9935753,
  "src/ComputerScience/booleanProgram.py": 1775340536.6065269,
  "src/ComputerScience/boolean.py": 1775042797.3997133,
  "tests/reports/failure_report_20260410_181027.txt": 1775841027.5133302,
  "docs/Compile.txt": 1775042879.829866,
  "docs/trig_README.md": 1775427406.288249,
  "docs/algebra_README.md": 1775428485.2143078,
  "docs/int_README.md": 1775427401.9792993,
  "docs/boolean_README.md": 1775077804.408707,
  "docs/suvat_README.md": 1775485915.1734223,
  "docs/derive_README.md": 1775427363.0648527
}