{
  "tests/run_tests.py": 1776893253.046543,
  "tests/test_madasmaths.py": 1776883627.7729833,
  "src/shared_cache.py": 1776847704.5979538,
  "src/shared_formatting.py": 1776847425.1996667,
  "src/shared_reasoning_markers.py": 1776846888.7238145,
  "src/shared_helpers.py": 1776870851.3665226,
  "src/shared_quality.py": 1776847891.040278,
  "src/Math/SUVATprogram.py": 1776871405.499614,
  "src/Math/deriveProgram.py": 1776873835.1189132,
  "src/Math/algebraProgram.py": 1776893356.5720124,
  "src/Math/intProgram.py": 1776873877.0532,
  "src/Math/trig_test_suite.py": 1775831268.7235565,
  "src/Math/trigProgram.py": 1776874390.428576,
  "src/ComputerScience/booleanProgram.py": 1776599623.06146,
  "src/calc_files/trig.py": 1775042794.7719295,
  "src/calc_files/algebra.py": 1775075018.0296717,
  "src/calc_files/derive.py": 1775042791.5751033,
  "src/calc_files/boolean.py": 1775042797.3997133,
  "src/calc_files/SUVAT.py": 1775901341.7145288,
  "src/calc_files/int.py": 1775042782.9935753,
  "PROMPT.md": 1776894538.096761,
  "input.txt": 1776861749.0257773,
  "AGENTS.md": 1776894529.4681218,
  "tests/requirements.txt": 1776008182.4142196,
  "tests/reports/failure_report_20260420_083430.txt": 1776670470.5708969,
  "tests/reports/failure_report_20260422_133240.txt": 1776861160.4332879,
  "tests/reports/failure_report_20260419_214803.txt": 1776631683.1046607,
  "tests/reports/failure_report_20260419_211306.txt": 1776629586.358305,
  "docs/Compile.txt": 1775042879.829866,
  "docs/trig_README.md": 1776874733.8953774,
  "docs/algebra_README.md": 1776883380.6481547,
  "docs/int_README.md": 1776883420.4352126,
  "docs/boolean_README.md": 1775856387.2312386,
  "docs/suvat_README.md": 1775856319.7115211,
  "docs/derive_README.md": 1776874812.2023654,
  "src/calc_files/COMPILE_COMMANDS.txt": 1775901126.632495
}